thread_id,customer_text,brand_text,llm_predicted_intent,gold_intent,gold_escalate,labeler_notes
2945617,"@AmazonHelp I've shared my details twice, spoke to your customer care team twice, finally managed to speak to your delivery agent, after trying all evening, once.

I'm frankly fried now.","@813367 It's never our intention to keep you waiting. If you have shared your details, we shall get in touch with you at the earliest to make things right. ^CB",support_process_complaint,support_process_complaint,Y,
725554,@115850 i wanna ask a q? If u guys not able to deliver items right way den why blame to customer like address not correct/refused by same?,@293795 That's unusual. Kindly report this here: https://t.co/vlvfJr4nN9 and we'll check. ^HK,delivery_issue,delivery_issue,N,
1398060,@AmazonHelp Wollte ich eigentlich hiermit tun^^,"@445119 Wenn du sie uns per Anhang schickst, haben wir weitere Infos mit denen die Kollegen arbeiten können. (E-Mail Header etc.) ^MI",other_uncategorized,other_uncategorized,Y,
461263,"Eu te amo, @117086! https://t.co/wlu7K4R6l2","@224598 O amor é mútuo, AQ! 🙈 Você adora ler mesmo, não é? Qual livro você vai ler primeiro? 🤔 ^CR",other_uncategorized,other_uncategorized,Y,
361713,"@AmazonHelp I want to buy the product, you mean today I cannot?",@181613 Kindly reach out to our support team regarding the quantity limit here: https://t.co/jTRDpqC6sp. They'll look into this.^VN,product_info_availability,product_info_availability,N,
2485570,@115830 really getting frustrated trying to deal with customer services,"@710003 Oh no! I'm sorry for the poor experience! Without revealing account or personal information, can you tell us more about what's going on? Please let us know! We're here to help. ^TG",support_process_complaint,support_process_complaint,Y,
278709,"@115850 I had ordered this for last Diwali. It's been a year and you're still ""Preparing for dispatch"" !! 😂😂😂 https://t.co/YBC1fJrlVO","@182466 Please don't provide your order details, we consider it to be personal information. Our page is visible to the public. ^KA",delivery_issue,delivery_issue,Y,
2110456,I'm watching Mr. Robot #telfie @116618 #PrimeVideo #MrRobot S3 E2 #Hype https://t.co/oCIH90eoTI,@622569 👌,other_uncategorized,other_uncategorized,Y,
1661852,@AmazonHelp Then pls check with your backend team rather then asking me.,@506833 We'd like to look into it. Please fill this form: https://t.co/beaaDm0muc and we'll get in touch with you at the earliest. ^MO,support_process_complaint,support_process_complaint,Y,
2269285,Okay so I ordered a 21' winter cover and received a 28'...was too damned late (freezing temperatures) to just send it back. Hoped it would just be oversized...not to the ground. 🙄  @AmazonHelp https://t.co/05CIUYzqNj,@660348 Sorry to see this Tremayne- Have you checked out what options are available in our Return Support Center here: https://t.co/oet0W0Mo03 Let us know if we can be of any help with this. ^NV,delivery_issue,delivery_issue,N,
1247750,"@AmazonHelp UPS —the company is called Looseplus, I believe.","@412748 We can take a closer look into available options. When you have time, we can be reached via phone: https://t.co/hApLpMlfHN ^EP",delivery_issue,delivery_issue,N,
1260158,@AmazonHelp Its a fault in your app.,@415249 Have you checked for app and device updates? ^JJ,account_technical,account_technical,N,
275164,"@AmazonHelp Pretending to be amazon. Sending me an invoice for my prime subscription (I don't have prime, have checked my account, definitely don't!)",@181738 You can report the email here: https://t.co/NQJ8QwRBRY ^CD,payment_billing,payment_billing,N,
1647473,@AmazonHelp Can you advise which would be the most appropriate non-order question to use from the dropdown menu?,"@503340 Sure! To contact us, select the option for Prime or something else and then select more/other non-order questions. ^QJ",product_info_availability,product_info_availability,N,
372845,@115821 Why can't I talk to Alexa in the Alexa app?,@180859 We're always looking for ways to improve. You can submit feedback directly to our Alexa team: https://t.co/IaMpdMyJUM ^KB,account_technical,account_technical,N,
1284506,@115830 account on hold thru on fault of my own for 3 weeks. No help from @AmazonHelp. Call back within 24 hours yeah right,@420470 I'm sorry you haven't heard back. The Account Specialists are an email support team. Have you received any emails? ^AJ,account_technical,account_technical,N,
1932440,@116439 I’ve reset to factory and still buffers. 4 ft from modem/router and still buffers. Other devices don’t.,@284884 I'm sorry to hear the device is buffering! Have you tried to restart the router and modem as well? ^DD,account_technical,account_technical,N,
450789,@AmazonHelp my usual card has been declined for no reason. Tried 2 of my others and they're being declined and I don't know why. It's definitely not a financial issue so I don't know what else it could be.,"@221880 I'm sorry for the trouble with your card. As a first step, please take a look over the tips here and verify your billing address matches what your bank has on file: https://t.co/u0ohF3v0Ve. We recommend contacting your bank if the cards continue to decline. ^MB",payment_billing,payment_billing,N,
2205220,@115821 Why can't I control my fire TV from my kindle any more?,@644787 We'd love to help! Are you trying to use the screen mirroring feature or are you using the Fire TV Remote App? ^ZW,account_technical,account_technical,N,
135112,"@AmazonHelp Sir I Had searched, pls share here. I will update and will be having no issues onto sharing live as 28 days with no support and just everyone taking time . I guess even a year is short for you guys.",@146436 Could you please confirm if you've replied to the email correspondence sent from our end? ^RB,support_process_complaint,support_process_complaint,Y,
1121627,@115850 #fake sale cancelled my order without any reason because i order it at 80% discount. if u are going to cancel then what is the need of sales,"@381550 We're sorry for this but when an order is canceled, it is followed by an email with the reason for cancellation. Kindly check. ^RS",refund_return,refund_return,N,
2460804,"無事、エイト限定盤が届いた!!!
amazonさん、ありがとう♪ https://t.co/3Jqw5uqU8n",@704612 こちらこそ、ご購入ありがとうございました♪ 😆 TN,other_uncategorized,other_uncategorized,Y,
1768958,Oh @115830 it gets worse... why is £449.99 pending on my AmEx three times?! #xboxonex,"@531836 I'm sorry, we can't view charges via Twitter. Please contact us by phone here: https://t.co/JzP7hlA23B so we can take a look. ^KL",payment_billing,payment_billing,N,
2805950,@130293 cada cuanto tiempo se suben novedades a la plataforma?,@782590 Hola lovefox. Se publican todos los días. ^JJ,product_info_availability,product_info_availability,N,
1461509,@AmazonHelp Well just had an email to say delay in delivery! Paid an extra £2.99 to recieve it today!! Going to refund me that then?,@326241 We'd like to; please contact our support team so we can review available options with you: https://t.co/JzP7hlA23B ^WM,refund_return,refund_return,Y,
1632176,@AmazonHelp Mal chegaram já estão na bagunça... cobrar por algo que não entregou não seria roubo?,"@499460 Leadro, o que foi indicado para você pelos nossos colegas do SAC? ^LG",refund_return,refund_return,N,
1283821,I confess: I am an online shopper. Satisfied how fast @117795 delivers my purchases. New toy I bought. #stabilizer #upthegame https://t.co/HXLNfkXa58,"@420315 Hey Nadia, I am glad to hear that we exceed your expectations! Make sure to show off those pictures! ^LS",other_uncategorized,other_uncategorized,Y,
932723,"@118919 Very pathetic service of #AmazonIndia in Silchar,Assam.Parcel is in local delivery place for 6days, not delivered.",@341244 Sorry to know you haven't received your order. Kindly report this to our support team here: https://t.co/cZ9PSVL8EL ^ OS,delivery_issue,delivery_issue,Y,
724619,"Beware of this seller on Amazon ""Beauty_Basket storefront"", sells counterfeit products. @115850 https://t.co/63uDJ90UcQ","@293554 I apologize for trouble you had to go through, please reach out to us here: https://t.co/rS49hgaADF for further assistance. ^VR",security_scam_report,security_scam_report,Y,
994182,@AmazonHelp 20 minutes ago by email and currently on chat. However chat is unable to help.,@178186 What are they advising? ^PK,support_process_complaint,support_process_complaint,Y,
1135201,@AmazonHelp My student prime has been activated yet I've still been charged for normal prime hence why I have contacted you,"@387435 I'm so sorry for this experience, Niha. We'd like to look into this further. Please contact us here: https://t.co/JzP7hlA23B ^HS",payment_billing,payment_billing,N,
478554,@AmazonHelp Disgusting just disgusting service 😤😤😤😤😤😤😤😤😖😖😖😖😖😖😖😖,"@228684 We would like to help you. However, we wouldn't be able to access your account on Twitter. Please drop your details in the link shared earlier and we'll get in touch with you soon. ^BV",other_uncategorized,other_uncategorized,Y,
458894,"@AmazonHelp I paid extra for one day shipping, can i expect that money back, as two Day was free and It will take 3-4",@223981 I'm so sorry for the delivery experience! We'd like to help if we can. Please reach out to us here so we can look into this further: https://t.co/hApLpMlfHN ^MO,refund_return,refund_return,N,
2881847,"@AmazonHelp Hey there, I've been having problems with one of the parcels I sent to a locket to get returned... it's still not saying whether it's arrived in a UK depot as of yet... I posted it to a locker with its tags a few weeks back...",@799623 Have there been any updates on the return for the item?^PJ,delivery_issue,delivery_issue,N,
1279696,@AmazonHelp One to two hours... What does Amazon Help help with?,"@419446 might take some time, but please let us know once it happens and let us know how it goes! 2/2 ^RL",other_uncategorized,other_uncategorized,Y,
2260835,"@AmazonHelp Honestly, I'm already losing trust to you @115821 &amp; @AmazonHelp. My package for the third time has not been delivered (From the last Friday) thanks to @2150. Fatal fails because of its current poor service. BAD! BAD! 🤢🤢🤢",@658283 I'm sorry for the wait! I can understand how frustrating this is. Have you been able to reach us to review your available options? ^DW,delivery_issue,delivery_issue,N,
248606,"@AmazonHelp 
&amp; Fake update
The courier was unable to contact the recipient to arrange delivery. Please contact Amazon.
Mumbai, IN","@174955 I understand your order was returned without any imitation. However, we'll not be able to reinstate the order. ^SG",delivery_issue,delivery_issue,N,
2472402,"@AmazonHelp i have not, no. i can't see any option for me to do that either- when i click on ""view return label &amp; instructions"" there doesn't seem to be any means by which to request a new label...?",@707036 Can I ask for you to reach out to us through the link below and we will see what options we have for you:  https://t.co/hApLpMlfHN. Thanks ^GA,refund_return,refund_return,N,
181149,@AmazonHelp I don’t speak german. Your support says that germany department block my account. So I need contact with germany department.,@158540 We would like to have a look into your account. Please contact our german customer service: https://t.co/Su5eCI5zdf ^TR,support_process_complaint,support_process_complaint,Y,
1095839,When you get cut off from @AmazonHelp and then it goes fubar when you try to call back And reconnect to the helpful person and can’t!,@378602 I'm sorry for the trouble you're having reaching us. Without sharing account/order details will you tell us what happened? ^DW,support_process_complaint,support_process_complaint,Y,
1446350,@AmazonHelp impossible de trouver ça sur le site ( ou je ne sais pas chercher ce qui est probable ),"@128315 N'ayant pas accès à votre compte sur Twitter, je prie de contacter notre SAV via : https://t.co/qzuu0dgDXz
^MD",product_info_availability,product_info_availability,N,
2212099,@115850 if I already have a prime subscription for 1 year and on purchase if echo I get 1 yr prime membership free.. will the two overlap (I.e. I will get only 1 yr membership) or will be it be 2yrs,@646527 If you already have a prime membership will have your existing membership extended by another year. ^VM,product_info_availability,product_info_availability,N,
2166603,"@115850 Whats the point giving code which never works and give error ""This property is not participating in the offer"" -Lucky Winner of Amazon Great Indian Festival 2017",@635873 We would like to understand the issue in a better way. Kindly elaborate on the concern for us. ^CB,promo_giftcard,promo_giftcard,N,
2934331,@AmazonHelp what part of nominated day delivery do you not understand? I won't be home today and you've ignored my request.,@136743 My apologies. Please get in touch: https://t.co/JzP7hlA23B and we'll be happy to look into what happened. ^DC,support_process_complaint,support_process_complaint,Y,
1404781,@AmazonHelp I contacted with your customer service but no solution yet.,"@446599 I get your concern about the cash back, Arindam. Please share your details here: https://t.co/GIJyeYqKE0 I'll reach &amp; assist. ^SV",support_process_complaint,support_process_complaint,Y,
122732,"アマゾンさんの支払い番号メールがいくら待っても来ないのですが！！！！！！
どうしたらいいでしょう！！！！！",@143383 お待たせしております。お支払い番号は、商品が出荷準備に入り次第Eメールでお送りしております。Eメールの内容は、メッセージセンターでも確認いただくことができます。https://t.co/T4O8Kak3dh MH https://t.co/f0DrtEfhAE,payment_billing,payment_billing,N,
282771,"#AmazonIndia product , neither you are ready to give me you seniors number , nor courier guys number ,",@183370 Sorry to know you haven't received your item. Have you reported this to our team here: https://t.co/R3EfhzgU8B? ^PS,support_process_complaint,support_process_complaint,Y,
231732,Thank you @115821 for early delivery life saver,@171196 😎 Glad it got to you safely. I hope you enjoy your day. ^CR,other_uncategorized,other_uncategorized,Y,
1699943,"@AmazonHelp Will Alexa understand Indian languages? if yes, then please share the list of supported Indian languages.","@121283 and intonation; support for music titles, names, and places in additional non-English languages.  2/2 ^HD",product_info_availability,product_info_availability,N,
527750,@AmazonHelp Yeah I checked there sadly couldn't find any sharing info.   Does anyone know in the office there?,"@242165 I'm sorry, this is not something that we currently have available. ^VS",other_uncategorized,other_uncategorized,Y,
1610953,@115850 Being with Amazon Prime I feel cheated.... 171-3764193-1196360... disgusting delivery service,"@219098 Please don't provide your order details, as we consider it to be personal information. Our Twitter page is public.​ ^RW",delivery_issue,delivery_issue,Y,
138185,"@AmazonHelp Das habe ich ja schon alles probiert. Ich habe gerade noch was anderes bestellt also an mir liegt das nicht.

Der Artikel wurde von 3 Verschiedenen Personen bereits versucht zu bestellen.","@147125 Sorry, letzte Antwort war nicht korrekt. Es liegt hier ein techn. Problem vor, welches wir mit dem Verkäufer klären. Kein Artikel aus dem Bestand des Verkäufers ist bestellbar. Ich verstehe, dass das ärgerlich ist, wenn genau der Artikel so günsitg angeboten wird. ^UK",delivery_issue,delivery_issue,N,
69841,"@116090 - Hi there, I contacted the store 4 business days ago but have not heard back. Is there a help email at amazon? I can't make a A-Z claim at this time.",@131814 Hello Julianne - I'm sorry to hear the seller hasn't responded. Please reach out to us by phone or chat so we can look into our options together in real-time: https://t.co/dNXwBZPiM6 ^GR,support_process_complaint,support_process_complaint,Y,
1356301,"@AmazonHelp os mesmos dados do cartão? se sim, gostaria de saber como faço para deletar esta conta",@436243 Enquanto está bloqueada não pode ser modificada ou deletada. No caso pode contatar com o nosso SAC pelo link enviado 1/2,account_technical,account_technical,N,
1828677,@AmazonHelp Thank you and BTW I just subscribed to prime :),@280266 Pleasure is all ours! Welcome to the Prime family. Happy shopping. :) ^SA,other_uncategorized,other_uncategorized,Y,
327079,@AmazonHelp  Ordered a pair of glasses for a blackout theme and payed extra to get them the next day. Now they won’t come until Monday? Smh.,@193945 Hi Max! I can certainly understand why you'd be upset. We've received your DM and have responded. ^HC,delivery_issue,delivery_issue,N,
1478807,@115821 dude I have been with prime since it started and it is now nothing. Free returns means nothing since you can’t return most products. https://t.co/nC351tQIuT,"@463401 Hey Michelle, is the item defective/not working properly? ^AT",other_uncategorized,other_uncategorized,Y,
1937578,@AmazonHelp @115821 Who should I contact for help with packages I believe to have been stolen?,"@576392 We'd like to look into this for you. At your earliest convenience, please contact us here: https://t.co/hApLpMlfHN

- Liz I",delivery_issue,delivery_issue,N,
1582030,@AmazonHelp Sooo.... this still hasn’t showed up? Next day delivery at its finest @AmazonHelp,@486974 What information was provided when you contacted us? We're here to help! ^ZW,delivery_issue,delivery_issue,N,
1416833,"@AmazonHelp prime order delivered incomplete.  i called 4x, spent 45 min on phone.  no resolution.  beyond frustrated.",@449289 I'm so sorry your order was incomplete! What information was provided from the representative you spoke with? ^QJ,delivery_issue,delivery_issue,N,
546410,@AmazonHelp I'm pretty sure the package was lost to be honest here and I'm extremely frustrated,@247053 I'm sorry for the wait! Who's the carrier shown in Your Orders here: https://t.co/Y5jpI9gRhE? ^JM,delivery_issue,delivery_issue,N,
1673662,Have literally waited all day for this and the driver didn’t even knock on the door. Hasn’t even left package at safe space. @AmazonHelp https://t.co/4lA2laZqUC,@220654 Oh no! We can take a look with you in real-time if you'd like to reach us via chat or phone: https://t.co/JzP7hlA23B ^KN,delivery_issue,delivery_issue,N,
2602253,"@115850 ordered this book over a month ago, and on the very day I'm supposed to receive it you cancel the order. Care to explain???

Been a loyal customer for years, and this is how you treat your loyal customers? https://t.co/2MsZXYurOl","@736487 Please don't provide your order details, as we consider it to be personal information. Our Twitter page is visible to the public. 2/2 ^PS",refund_return,refund_return,N,
1127176,"@AmazonHelp ""On the way"". I pay for prime, need these for business. 2 weeks late, no info other than ""Left Warrington 16/10/17 16:52"" is unacceptable.","@385767 Thanks for confirming, what carrier is being used for the delivery? ^JJ",delivery_issue,delivery_issue,Y,
573529,@AmazonHelp @115850 ur clearly shows that u don't have monitoring mechanism for vendor. Anyone can charge what he wish. Charging 25% of product cost 4 delivery is criminal. It will impact ur compny in long term n competitive market,"@254825 If it's a seller fulfilled order, the delivery charges are subject to change with respect to each seller. Having said that, as mentioned earlier, we'll be sure to pass this on as a feedback internally. Appreciate your patience. ^PB",other_uncategorized,other_uncategorized,Y,
2882670,"@AmazonHelp Actually, scrap that. Can you please ask the driver what the note means? https://t.co/ayRZRxmVJi","@799773 As we cannot access your account via Twitter, please contact us here for more details on this delivery  https://t.co/JzP7hlA23B

-RD",delivery_issue,delivery_issue,N,
806236,@AmazonHelp Perhaps a box would be better than an envelope for a heavy paperback book? https://t.co/dY7f7LRbKE,"@312130 Oh no! We'd like to help, please reach us here for available options: https://t.co/hApLpMlfHN ^AG",product_info_availability,product_info_availability,N,
644725,@115830 three of us at home - no door knock but a card has just been out through the door ‘sorry we missed you - parcel in porch’. Ermmmmm really?! No one knocked!!!!!,"@273027 I'm very sorry for that experience, Joanne. Whenever you have time, we'd be happy to directly receive your feedback here: https://t.co/JzP7hlA23B ^SK",delivery_issue,delivery_issue,Y,
173489,@AmazonHelp Amazon Logistics,"@156616 J'en suis navrée, je vous prie dans ce cas-là de le signaler à notre SAV via : https://t.co/hgIrz98cdI et si possible de nous indiquer le numéro de suivi concerné afin qu'on puisse remonter cet incident également.
^KE",other_uncategorized,other_uncategorized,Y,
1125153,How do you report a product on @115830 ?,@385299 Hi - is it an item you received - or on the Website ? ^TD,other_uncategorized,other_uncategorized,Y,
661476,@AmazonHelp package never arrived and I cannot get a tracking number form the site. Second time this gas happened in 2 mo's. Please help.,@277609 I'm sorry your package has not yet arrived. We're here to help! Please let us know current tracking information and who the carrier is. You can find that here: https://t.co/QJ8oXSk0Gf  ^SE,delivery_issue,delivery_issue,N,
631713,"@119625 Why is comrade detective, an amazon production, not available on prime video in India?",@269706 We will continue to add new content. Keep checking https://t.co/FYM9PIZOR8 where we highlight the latest movies and TV shows we have available. ^RB,product_info_availability,product_info_availability,N,
255080,@AmazonHelp What’s the US version of that please? I’m in the US w/my US acct.,@176639 Sorry about that! Here you go: https://t.co/hApLpMlfHN ^TR,product_info_availability,product_info_availability,N,
783804,@AmazonHelp why has Amazon locked my account. How do I reach out to Amazon for resolving this?,@307073 it and the team would reach out to you. (2/2) ^KA,account_technical,account_technical,N,
328468,"@AmazonHelp @115821 When does a pre order item ship relative to its release date?? ex. If release is Nov.7 when will it ship, I have prime",@194317 Great question! Was your item eligible for Release Date Delivery? ^AC,product_info_availability,product_info_availability,N,
2216661,"@AmazonHelp hasn't even gotten far enough for tracking, you failed to even disptach something I pre ordered two months ago, and now claim not to know when it will be in stock","@233125 Hi, sorry to hear that, contact us here: https://t.co/JzP7hlA23B we'll look into this for you. ^AS",delivery_issue,delivery_issue,N,
2349468,"&lt;3 you @Walmart! 18 orders, free fast shipping, 0 mistakes :D  you suck @115821! STILL waiting for my order from you, which was ordered several days before my latest WalMart order.",@679131 I'm sorry you haven't received your order! What was the delivery date based on your order confirmation e-mail? ^DD,delivery_issue,delivery_issue,N,
2679270,@119625 NCIS S1 subtitles are not synced and alligned​ . Kindly correct it .,"@303022 Thank you for flagging this to us, I will forward your feedback internally to get this fixed. ^BS",other_uncategorized,other_uncategorized,Y,
2497432,.@137341 Typo Alert!! 30 days of Free what?? https://t.co/RZoS8gZzJw,@712661 Thanks for flagging this up. We'll have it reviewed at the earliest. ^AK,product_info_availability,product_info_availability,Y,
2827671,@AmazonHelp Already sent a mail..,@787586 As you've shared the required details. We'll get back to you with an update at the earliest. ^KH,support_process_complaint,support_process_complaint,Y,
400303,@AmazonHelp @115850 the issue is of not the refund im asking how can you sell such fake products i want a new and original product at my doorstep,@206514 Please reply to our email correspondence with further query on this and we'll be happy to help further accordingly. ^AB,other_uncategorized,other_uncategorized,Y,
1772327,@117795 who do I contact regarding an issue with my order?,@532694 Hello! To get in contact with our Prime Now team contact us here: https://t.co/9HDWDUhk9r ^AR,other_uncategorized,other_uncategorized,Y,
461301,@AmazonHelp Can you provide me with that link again?,@209029 Of course! We can be reached via phone or chat here: https://t.co/hApLpMlfHN ^ML,product_info_availability,product_info_availability,N,
489514,"@5503 @115833 when can we expect the video skills in Alexa app. There is no ""Music, Video, &amp; Books"" in Alexa app Indian edition as opposed to the doc at https://t.co/pGv5uDtxMg","@231584 Thousands of Indian &amp; global developers are bringing more than 10,000 skills to customers in India. Further, I'll be sure to pass your feedback to the concerned team internally. ^SG",product_info_availability,product_info_availability,N,
707404,@AmazonHelp Cheers. Will give it a go,@289117 Let us know if you need any more help with this! ^KH,other_uncategorized,other_uncategorized,Y,
1126653,@AmazonHelp I had ordered a centre table and was scheduled for installation and no one came called customer service and got a rude reply with no help,"@385652 We'll escalate this right away. Drop your details here: https://t.co/W4oPvmQ0cd, we'll get back with an update. ^HT",support_process_complaint,support_process_complaint,Y,
2965323,"@AmazonHelp Trying to transition to Amazon Prime Student, but the URL simply directs me back to the home page. Any help on how to actually do this? https://t.co/FlVW52nssj",@818107 The link should take you to the Prime Student homepage. Try clearing the cache and cookies from your browsers history and re-tapping the link. The Prime Student sign up page can also be found here: https://t.co/fjiBIMqld2 Let us know if the issue persists! ^SK,account_technical,account_technical,N,
380199,@AmazonHelp November 7th 🙂 just wanted to confirm as making arrangements to sign for the parcel so wasn’t sure if that was dispatch date. Thank you 🙂,@206183 We would aim to have it with you by the date in the confirmation email.If there are any changes to this we will update you.^NV,product_info_availability,product_info_availability,N,
279929,@AmazonHelp worst app ever seen very poor customer service still no one taking responsibilty to solve the issue. pleaae better to discountinue app or customer servise if u think not solve customer issue or even laugh on customer complaint during the call...,@182720 Apologies for the ordeal Mukesh. Please share your details here: https://t.co/GIJyeYqKE0 and I'll get back to you. ^HN,support_process_complaint,support_process_complaint,Y,
812373,"@AmazonHelp £30 off my favourite perfume, a cool shirt for my sister and the best customer service from you guys. 

I think everyone’s happy. 😁",@313579 😊😊 Oh that's really nice! Thank you for your awww comments :),other_uncategorized,other_uncategorized,Y,
1127317,"@AmazonHelp I ordered ""Logitech X100 Bluetooth Speaker"" from lightening deal at 1300rs and when it comes your delivery boy didn't wait for 5 minutes.",@385785 Kindly report this to our support team here: https://t.co/vlvfJr4nN9 &amp; we'll look into it right away. 2/2 ^EM,delivery_issue,delivery_issue,N,
2184675,"@AmazonHelp bonsoir, vous m'expliquez le nouveau concept de livrer le contenu du colis, ouvert, hors du colis !? https://t.co/oRLy9a6ndC","@639868 Bonjour,
Je suis désolée d'apprendre cela. Quel est le transporteur en charge de la livraison?
^MD",product_info_availability,product_info_availability,N,
1693707,@115851 Not sure if you would be interested in knowing terrible experience I had while trying to rectify problem with my A/C @115850,@442894 Have you shared the details on the link provided to you earlier? If not yet then please do and we would connect shortly. ^KK,other_uncategorized,other_uncategorized,Y,
2429474,Thank God @115830 filled the box with extra paper packing.... would have been gutted if my new duvet had smashed in transit!,"@697472 We are always looking ways to improve. You are welcome to provide packaging feedback via this link: https://t.co/ZEcZpFQelh
^SC",other_uncategorized,other_uncategorized,Y,
2431224,@AmazonHelp Encuentran en casa se devuelve el producto y tengo que volver a esperar y tengo clases mañana. Gracias.,"@697865 Buenas noches, Del abismo. Tu comentario fue respondido aquí: https://t.co/OuNViTmyt9 ^CR",refund_return,refund_return,N,
986859,@AmazonHelp Can you not just process and despatch the order and bill me seperately? I have the money and you have the item. We can fix this!,@353862 We don't have access to your account or it's details via Twitter! Please give us another call: https://t.co/JzP7hlA23B ^TG,other_uncategorized,other_uncategorized,Y,
1763248,@AmazonHelp Why am I being ignored??? 4 days on the trot I've asked for help!!! Even Amazon themselves asked you to help me! #hello,"@530485 Due to agreements with the content provider, the title is unavail on digital. You can buy on DVD: https://t.co/mV93z6rSD0 ^AN",support_process_complaint,support_process_complaint,Y,
1082232,Ya llegó @116875 para hacer la semana más amena con contenido de calidad. ☺️📽 https://t.co/lFPTeDlLgb,"@375290 Hola, Raúl ¡Buena elección! ¿Ya comenzaste a verlas? Nosotros preparamos las palomitas de maíz. :3 ^CR https://t.co/9gW5YCLrr4",other_uncategorized,other_uncategorized,Y,
652169,@UPSHelp My package from @2629 is lost&amp; my @115821 was supposed 2 b here at the end of the day 2 day....now the ETA has changed....AGAIN!!!!,@274705 Oh no! Please let us know if it doesn't arrive by the new delivery date. ^MT,delivery_issue,delivery_issue,Y,
1820145,@115850 Hey bought house of marley earphone on 30th may. One of the earpiece is stopped working. What to do?? Pl. Help,"@546436 Sorry to know about the trouble with the order. As the return window has expired, ^AK (1/2)",refund_return,refund_return,N,
2581882,@AmazonHelp My package was stolen:( What do I do? Cannot find anything on the website.,"@731733 Oh no! We'd love to review your options in real-time via phone or chat, please reach us here: https://t.co/hApLpMlfHN ^NN",delivery_issue,delivery_issue,N,
2931434,Hey @116618 why isn’t episode 9 of #Lucifer on the app yet? I thought it was every Tuesday?,"@810822 Hi, thanks for letting us know. I have raised this with the Amazon Video team so they can look into this. Keep an eye on the website.^ES",product_info_availability,product_info_availability,N,
701427,@AmazonHelp how long should it take to get a response to an email query sent from your help section? I've sent two requests in the past 3 days and heard nothing back. Nothing in spam folders either.,"@287437 I'm sorry for the delay in response, Nick! In most cases, e-mails are answered within 24-48 hours. Have you tried to contact us via phone or chat? ^AL",support_process_complaint,support_process_complaint,Y,
416705,@AmazonHelp please can you refund me money?,@214410 I’d like to help; could you please confirm if you've shared the details provided in the link here: https://t.co/in4HM9TUcT. ^MO,refund_return,refund_return,N,
2940260,@AmazonHelp Please send me your email I’d and I shall forward you the response I sent already!!!,@270214 Please write back to us on email correspondence sent by our (social media) team and we'll respond to your concern. ^SF,support_process_complaint,support_process_complaint,Y,
474342,@115850 Same to me they didn't return money to my account after returning the product .I complaint but nothing happens,@363468 I'm sorry you've not received the refund yet. Could you please confirm if you've shared the details through 1/2 ^AP,refund_return,refund_return,N,
474254,"@115830 Hi there, having a bit of problem. I received an email saying that my delivery has been delivered, but because it was sent to my work address and after office hours.. not too sure where the delivery man has left it? it's no where to be seen.",@227883 Sorry to hear that. We'll be happy to look into for you. Please reach out to us here: https://t.co/JzP7hlA23B ^RS,delivery_issue,delivery_issue,N,
1092361,@116618 what's going on? Why #MrRobot ' s season 2 is unavailable in Italy? https://t.co/OCbtttXRdu,@377769 There aren't any updates at the moment but stay tuned for more info! ^VE,product_info_availability,product_info_availability,N,
382889,@AmazonHelp Uau! Economize 12 reais! Por isso eu amo a amazon ❤ Sempre fazendo o melhor para seus clientes! https://t.co/YyRYjycCU9,@144298 E nós amamos você ❤️manda para gente uma foto bem linda do livro no momento que receber tá? 🤗 ^AZ https://t.co/vxUKqmKIB1,other_uncategorized,other_uncategorized,Y,
36535,"@AmazonHelp I am not receiving any help from @123964 nor u. 
My money is LOOTED by u. 

REFUND MY MONEY","@123963 I get your disappointment. Suggest you to contact the manufacturer and claim the warranty. If the manufacturer denies warranty, kindly get a service denial letter. Further, I'm afraid the resolution provided is best we can offer. ^SG",refund_return,refund_return,N,
439667,@115850 #GalaxyNote8AppQuiz where's the winners list ?,@303883 Click here: https://t.co/FJpTQ7f8Ch to view the winner's list of the quiz you're referring to. ^HD,promo_giftcard,promo_giftcard,N,
1773511,"@AmazonHelp Hi! No, none of those. I'm referring to the survey that advises: ""Your latest activity qualifies you for a promotional gift"". It's $50",@533024 We'd like to take a closer look at this with you. Please reach out to us at your convenience here: https://t.co/hApLpMlfHN ^LJ,promo_giftcard,promo_giftcard,N,
1564991,"@AmazonHelp Fortunately the product is in working order, I was not informed of the delivery so I had no idea about it being left outside.",@483175 We typically send an e-mail when packages are delivered. Please check your spam/junk folders as they can be there. ^KJ,delivery_issue,delivery_issue,N,
1085180,@AmazonHelp Both have now been delivered.,"@375973 Thanks for keeping us posted, David! Please let us know if there is anything else at all we could help with! ^SD",other_uncategorized,other_uncategorized,Y,
1246334,all @AmazonHelp had offered is to refund my next day fee or cancel membership with a $50 refund. This is how they treat long time customers,@412404 Sorry! I'd like a member of my team to review this with you. Please give us more details here: https://t.co/Yylfz8wKww ^VB,support_process_complaint,support_process_complaint,Y,
1270999,@115850 can I pay for my COD order using Amazon pay?,@417583 I'm afraid you'll not be able to pay using pay balance at the time of delivery. For detail refer here: https://t.co/oNCBzNnYig ^SG,payment_billing,payment_billing,N,
1262603,"@AmazonHelp @115821 Phone broke, need one tomorrow ASAP? Sorry not even option to have it shipped next day delivery anymore","@412296 Hey, unfortunately it may not be available, do you have a link to the phone? ^AS",other_uncategorized,other_uncategorized,Y,
179981,"@116928  buenos días, me parece increíble que después de 3 llamadas no me resuelvan el problema y me cuelguen. Vaya servicio d At cliente https://t.co/yQdJT3aZa5",@158364 Lamento cualquier inconveniente. ¿Podrías comentarnos más sobre lo que ha ocurrido sin publicar detalles de tu cuenta? ^VL,support_process_complaint,support_process_complaint,Y,
23183,@AmazonHelp Oui j’attends un mail de remboursement qui n’est jamais arrivé,"@121049 D'accord, Veuillez nous tenir informés si vous avez reçu l'email de remboursement.",refund_return,refund_return,N,
259408,@115830 just bought two Disney blu-rays from the 2 for £14 deal but seem to have been charged full price at checkout.,"@177686 I'm sorry! We don't have access to your order details via Twitter, please reach out to us here: https://t.co/JzP7hlRCV9 ^ME",payment_billing,payment_billing,N,
1261207,@169994 Where?!?  😮😯🙃,"@415453 If you have notifications for Treasure Truck turned on in your app, you'll receive an update on the location and product. ^MH",delivery_issue,delivery_issue,N,
2200740,"@115830 at which point does leaving a parcel on the doorstep constitute as being ""handed to resident""?",@615458 I'm sorry for the conflicting information. Feel free to e-mail us the order information and we'll review the feedback: https://t.co/JzP7hlA23B ^MG,delivery_issue,delivery_issue,N,
76046,"Hé oui @120533, je savais que vous ne publieriez pas mon commentaire car il vous dérange, je ne dis pourtant que la vérité, et pas grave, je le publie ici ! Faites qqch au sujet de vos livreurs franchement, y’en a marre !!!!! #amazon #amazonfr #@115821 https://t.co/rEaQpPbp15","@133019 Bonjour,
Rencontrez-vous un souci avec une livraison en cours? Pouvez-vous nous expliquer davantage la situation je vous prie? 
^SA",delivery_issue,delivery_issue,Y,
2636905,"@AmazonHelp That's happening every single time, even if I leave the app for 2 sec https://t.co/Qqa1zqMzT3",@132143 Sorry you're having trouble with Amazon Video. Here is a link to a page that should help with this:https://t.co/E5XiZG2gjl ^AP,account_technical,account_technical,N,
96863,@AmazonHelp My Sub/Save item was charged a week ago and still hasn't shipped -- is that normal?,"@137142 Sorry to hear that, Araxie. Can I ask what delivery date you were provided with?^TI",delivery_issue,delivery_issue,N,
1899097,"@AmazonHelp ご丁寧にありがとうぎざいます。アプリの入れ直しはやってみたのですが、もう一度試してみます。
洋書のサンプルをDLしたところ、国内出版物を検索しても検出されなくなったのですが、何か設定が必要でしょうか？",@565987 ご質問の件につきましては、ご利用環境などをお伺いした上でご案内させていただきますので、誠に恐れ入りますが、先ほどご案内したリンクよりカスタマーサービスにお問い合わせください。TN,account_technical,account_technical,N,
2376122,@115850 So convenient for you guys to just change the delivery date. It was supposed to arrive today and I have a trip tomorrow morning. What do you want me to do now? I want the bag for tomorrow morning 6AM. https://t.co/jU6abVosSH,@341062 Sorry to know about the delay in the delivery of the order. I'll be sure to pass on your feedback to our specialist team internally. Kindly wait until the mentioned time frame for the delivery of the order. Do keep us posted. Appreciate your patience. ^AK,delivery_issue,delivery_issue,N,
461372,@AmazonHelp Is there anything anyone can do to help me? Chat and phone have been worthless. I need this escalated if possible.,"@224620 We are happy to get you the help you need, before we escalate you, could you provide a bit more detail as to exactly what occurred with your poor experience. ^BT",support_process_complaint,support_process_complaint,Y,
2960507,@AmazonHelp You can’t duplicate the issue because the product listing has subsequently been updated/corrected. Only my screenshots and chat logs show that you were advertising a different model for the same price.,"@799915 We'd like to look further into this with you, Skye. In order for us to do so, please provide your details here: https://t.co/4ZM4z8sEMO. ^WJ",product_info_availability,product_info_availability,N,
1474819,"@AmazonHelp Fahrenheit.. Echo is 20 off from everything I own... google, Siri, Nest all say the same Echo does not",@121149 Thanks for the update. Please contact us here for live troubleshooting assistance: https://t.co/EKXRLsnxJu ^GG,other_uncategorized,other_uncategorized,Y,
77475,@115825 In welcher Sprache läuft bei Euch aktuell das Freitagsspiel?,"@817047 Da es sich um ein Bundesliga-Spiel handelt, wird es auf Deutsch übertragen ⚽️ ^BL",product_info_availability,product_info_availability,N,
222653,@115821 @116316 @AmazonHelp can answers my e-mails? I want know why my account was locked. I send t requested info but I am still waiting,@169192 Did you already get in touch with our customer service? Regards ^UK,account_technical,account_technical,N,
2609898,"@AmazonHelp Estou planejando comprar Mr. Mercedes, Psicose e O Iluminado ❤️","@738143 Que ótima escolha Jackeline 💕, achamos que você já o carriho está pronto para Black Friday, né? ^MB https://t.co/NMKXFgaAhu",product_info_availability,product_info_availability,N,
160429,"@AmazonHelp Hi, I purchased an item from https://t.co/74EFtoe8tF on Wednesday 22nd of November and 2 days later it’s on sale quite considerably. Am I eligible for a refund to the sale price. Thanks.","@152958 Hi there, This item would not be eligible for price matching, as we do not offer price matching. Don't forget you 30 days to return most items for a refund. 

Hope this helps! 

-RD",refund_return,refund_return,N,
1585052,"@AmazonHelp Impossible if YOU have deleted the orders. Now I know why everything is ok on your site, only   positive feedback are placed.",@487717 Hi Bobby- To confirm what do you mean by deleted the orders? If an order is canceled it would still show on your acc ^NV,support_process_complaint,support_process_complaint,Y,
2495433,"@AmazonHelp 7 items split between 2 orders. 2 of those orders are non-amazon, the rest all say amazon llc","@712207 While we appreciate that info, we need to know who the physical carrier was. You can find that info with the same link. 😊 ^JD",delivery_issue,delivery_issue,N,
1660815,@120533 @AmazonHelp Comment se faire rembourser des cosmétiques vidés dans le colis? https://t.co/mwIdienT0u,"@506621 Bonjour, Je suis désolé pour cela. Contactez s'il vous plaît notre SC pour qu'ils vous aident via https://t.co/hgIrz9pN5g
^YL",refund_return,refund_return,N,
1139778,@120533 un code de reduction pour ce panier ? https://t.co/MBXGkxAV2t,"@388297 Nous n'offrons pas de codes de réduction, ceci dit vous pouvez suivre les promotions via le lien: https://t.co/jJiZXOMu6x.^ASZ",promo_giftcard,promo_giftcard,N,
197743,@115850 @115821 @AmazonHelp I have click the link but not shown any reaction when reached the book in my hand.,@162506 I'm sorry for the delay. Please visit this link: https://t.co/vlvfJr4nN9 and we'll be glad to help you. ^SI,account_technical,account_technical,N,
2770653,"@AmazonHelp if I have Echo Plus in one room and Echo dot in another, can I stream different music on both, can I play the same track on both?","@181569 Both Echo devices will play the same song provided you're streaming them from 2 individual apps. If you're using the same app, only one device will play the song at a time. Yes, you can stream different music using different applications. ^RI",product_info_availability,product_info_availability,N,
888260,"@115830 your delivery drivers are a joke! Lazy and rude! Saw him coming, he delivered a parcel to my neighbour and dropped mine off there too despite me standing with the door open..","@330908 I'm very sorry for this, Paul. If you'd like to leave carrier feedback, please visit us here: https://t.co/JzP7hlA23B ^RB",delivery_issue,delivery_issue,N,
421495,"@AmazonHelp spedito da Amazon, ma il problema non è vostro ma dell’Agenzia incompetente.","@215429 Mi dispiace, segnala l'accaduto al Servizio Clienti cliccando qui: https://t.co/YtcS8zMWhk. ^MA",delivery_issue,delivery_issue,N,
131767,"@AmazonHelp Still their is no response from your side no one come for investigation As you mention in your tweet i have provide my detail on your link
This is the way of your work its really to bad service","@145711 Sorry for the miss, Pratap. We'd like to have a closer look on this issue. Please fill this form: https://t.co/beaaDm0muc and we’ll contact you soon. ^RI",support_process_complaint,support_process_complaint,Y,
1364717,@AmazonHelp Elogio enviado! 😍,"@437745 Agradecemos muito seu comentário, Janaína. Um abraço grande para você 😊 ^LG https://t.co/AGsL8kkyMT",other_uncategorized,other_uncategorized,Y,
2984642,@AmazonHelp It is way too long to fit in a twitter reply.  I am just amazed that the largest online retailer is unable to do a simple replacement of a tv season blu ray without giving someone the run around,@823024 I'm sorry to hear about this. Was the blu-ray sold by a Seller on Amazon or is it currently out of stock? What was your father  advised when he contacted us? If you can give us a little more information we may be able to explain why. ^MI,support_process_complaint,support_process_complaint,Y,
1773267,@AmazonHelp It was usps but it didn’t update til 8:05 pm that they would not deliver it until stated above,"@454578 That's incredibly frustrating, again, I'm sorry. Please keep us posted on your delivery tomorrow. ^AM",delivery_issue,delivery_issue,N,
266854,@179592 @116313 たまらんですなぁ,@179591 @179592 |ω・)ﾁﾗｯ.｡oO(ぜひご覧ください✨) YM,other_uncategorized,other_uncategorized,Y,
927512,"@AmazonHelp @115850 @119625 again one of my friend is facing ur pathetic srvc,this is repeating for second time,very disappointed https://t.co/7aKVTTnaHt","@305262 Please don't provide your order number, we consider it to be personal info. Our Twitter page is visible to the public. ^MP(2/2)",support_process_complaint,support_process_complaint,Y,
1502866,@AmazonHelp I redeemed it but I have problems with that.,"@468814 Hello Elric - Have you checked your messages for a benefit confirmation e-mail here: https://t.co/Yo6VD4ythL?

- Rick",promo_giftcard,promo_giftcard,N,
180222,"@115850 never expected a bullying &amp; crooked behaviour from Amazon. I requested a return of defective iPhone SE, no one from Amazon..contd#",@158406 Suggest you to contact the manufacturer and claim the warranty. ^SG(2/2),refund_return,refund_return,N,
1014702,@AmazonHelp No I have talk complain over this issue but just assurance no action they are cheater that why I tried to highlight this issue to u all,@360103 here: https://t.co/GIJyeYqKE0 so that we can get in touch with you. (2/2)^SQ,support_process_complaint,support_process_complaint,Y,
2131011,Also just got notification that my @115830 parcel couldn’t be delivered cos they tried to deliver to a business address at 7:20pm. Sometimes wonder what the point of prime next day delivery is 🤔,@627184 I'm sorry for the poor delivery experience! Let's look into this together by phone or chat here: https://t.co/JzP7hlA23B ^TG,delivery_issue,delivery_issue,N,
365215,@AmazonHelp I've had a couple of times! How many details you need for one resolution ?? I am amazed to see on the post-sale services! Need to buck-up!,"@202515 If you have shared your details, you must have received a correspondence from our team. Request you to check. ^SQ",support_process_complaint,support_process_complaint,Y,
1630232,@AmazonHelp now I get it. UK. Delivered by Amazon Logistics. Not the first time it has happened &amp; DPD seem to think it’s OK to do it too.,@498976 We'd like to make sure this is reported! Please reach us by phone or chat here:  https://t.co/JzP7hlA23B ^AB,delivery_issue,delivery_issue,N,
2498483,@115850 @AmazonHelp Kindly look into this,@712913 That's odd. Kindly re-install the app once. Do let us know if the issue still persists. ^PS,support_process_complaint,support_process_complaint,Y,
2850730,@AmazonHelp The contest that's running right now...,"@191152 I understand your concern. For more info about the eligibility of the contest, please refer to the T&amp;C mentioned on the contest page. ^SV",promo_giftcard,promo_giftcard,N,
579075,@AmazonHelp Safe to post the two order numbers here for you to look into?,"@255992 We can't access any account or order information over Twitter. If you contact us and mention the issue, we'll look into what's affecting the Amazon Locker.^PJ",security_scam_report,security_scam_report,Y,
2008300,"@AmazonHelp why am I paying for Prime if my ""two day free shipping"" takes more than two days....",@593859 Have we missed your estimated delivery date in your confirmation e-mail? Please let us know: https://t.co/BSdyHZWRr0 ^KJ,payment_billing,payment_billing,N,
797514,@115851 let me know how to send @115850 gift card to you I'm feedup with this joker's I've 3072 inr balance need to transfer you,"@158494 As requested previously, please fill in your details in the form provided so we could fix this. ^JC",promo_giftcard,promo_giftcard,N,
306205,Prime readingとkindle unlimitedの区別ってどうされるの？両会員だけどアンリミ購入のボタンしか表示されない。@118500,"@189102 Prime Reading対象コンテンツは、全てKindle Unlimitedでご利用いただけます。
そのため、LuLu様の画面ではKindle Unlimitedボタンが表示されます。
詳しくはこちら＞https://t.co/UYNjD7zb3G　MH",product_info_availability,product_info_availability,N,
437337,@115850 Only of it was picked back.. But no refund received till date.....nobody came to pick other one... Very poor after sales service,"@218862 Sorry to know about the delay in pick up. Please call us here: https://t.co/TK4yevTaND, and we'll assist you. ^NR",refund_return,refund_return,N,
633558,". @115821's Kindle Fire OS is unusable. The new Fire Kids Editions I bought were literally impossible to set up without accepting a trial of Kindle Free Time Unlimited.

I can't figure how to limit the apps my 6yo can see and download to only things I have approved.","@270176 Hi there, Dave! We'd love to help out in any way we can. Please reach out to us via phone or live chat here: https://t.co/hApLpMlfHN, so we can look further into this with you in real-time. ^WJ",other_uncategorized,other_uncategorized,Y,
1188974,"@AmazonHelp Crap!! Who needs your apology! Either you deliver, or take back everything. On a recorded line I’ve initiated a return! Record that!","@338159 We are working with logistics towards delivering this order, appreciate your patience. ^MJ",refund_return,refund_return,Y,
665473,@115850 What is this??😂 https://t.co/4ZhitfrO2e,@339213 Thank you for flagging this. We'll get this rectified. ^SU,product_info_availability,product_info_availability,N,
1140848,"Eu entro na @117086 só pra pesquisar os livros que eu preciso ler, eventualmente comprar e nunca vou ler. :(","@388546 Olá Carlos, eita nossa, por nunca vai ler? 😭 ^DA",other_uncategorized,other_uncategorized,Y,
1565142,@115830 please can you help me speak to a real person rather than a robot on the Amazon flex driver support.,"@483198 We'd like to help. Without providing any personal info, please tell us more about what's going on. ^KB",support_process_complaint,support_process_complaint,Y,
180490,@117086 quantos emails mais vou precisar enviar para vocês me responderem sobre meu pagamento de associados?,"@158442 Olá DaYukie, você poderia nos explicar com mais detalhes o que aconteceu sem publicar detalhes da sua conta? ^DA",payment_billing,payment_billing,N,
246424,@115850  https://t.co/Kx2sLVIFPy,"@177543 For more information on this, request you to kindly check: https://t.co/gfi8dTn9cO (3/3) ^SV",other_uncategorized,other_uncategorized,Y,
539758,"@AmazonHelp Ich habe derzeit KEINEN Stick, da ich ihn aufgrund der zu diesem Zeitpunkt fehlenden Option zurückgeschickt hatte. Die Option scheint nun also wieder integriert zu sein? Nicht dass ich ihn jetzt erneut bestelle und sie doch fehlt oder irgenwann wieder blödsinnig entfernt wird.","@245182 Alex, wenn du ihn wieder hast, stell bitte die Frage einfach erneut. Wir beantworten dir das dann selbstverständlich gerne noch einmal 🤠🤗😘 ^AS",product_info_availability,product_info_availability,N,
669742,"@115850 
I understand your concern is regarding the order # 407-4829849-8324364.

I'm sorry to inform you that order was cancelled due to a pricing issue.
What does that mean if this is the issue with pricing who problem is that?
You should take the responsibility and deliever.","@271126 We've sent a correspondence to your registered email address. Kindly refer the same for further assistance. Please don't provide your order details, as we consider it to be personal information. Our Twitter page is visible to the public. ^AU",refund_return,refund_return,N,
539801,@AmazonHelp @115821 .. I ordered HP laptop but you people delivered some screens. I am your one of the prime customers. And your team is not helping me. Expecting some response from you.. https://t.co/wwxVmhM7aQ,"@245190 I'm truly sorry about the incorrect delivery being made! When you spoke with customer service, what did they advise you to do? Please let us know, we'd love to assist you with this. ^GP",delivery_issue,delivery_issue,N,
469450,@115850 Dear Amazon Maine Prime Membership Join Kr Li Hai But Abhi Tak Prime Membership Card And Wo Keychain Nhi Mili Hai Why....I Love That Keychain.,"@226783 That was an introductory offer, available for limited time only. As an alternative, you can enjoy great videos and awesome deals with prime access. Welcome to the prime family. :D ^RW",delivery_issue,delivery_issue,N,
264753,Dear @115850 Thank u 4 ur pathetic service delivery &amp; customer experience. Don't fool customer on the name of Prime &amp;1 day delivery.,"@179071 We're sorry to hear that, Rahul. Could you please elaborate on what went wrong so we could check right away? ^HK",delivery_issue,delivery_issue,Y,
391184,"@115850 order product worth 1033 INR, received duplicate copy of 599 INR. DISGUSTING. @AmazonHelp is it pirated copy of book? https://t.co/DLGP2swNke",@208623 here: https://t.co/TdDksLo6Mf and we'll look into this. (2/2) ^HD,refund_return,refund_return,Y,
2808469,@115821 why delivery charges has been added in my order even after my order were eligible for free delivery #amazonIndia https://t.co/1umqdTUaDF,"@783248 Some sellers do not charge for delivery while some sellers do. Rates, restrictions, and methods vary from seller to seller and aren't set by Amazon.in.

You can check more information here: https://t.co/xMeMQNCQ6J   2/2^SC",delivery_issue,delivery_issue,N,
1133492,"@115821 @115850 
@119625  @AmazonHelp 
I ordered my product before 6hrs &amp; I've my prime membership still its not shipped yet?why?!!",@387082 Orders take time to be shipped by the vendors and they're delivered as per the estimated delivery date assigned. Kindly wait.^RS,delivery_issue,delivery_issue,Y,
2107314,@117804 E a capinha do Kindle paperwhite? Essa não vai ter promoção nunca?,"@621856 Oi Daniel, não dispomos dessas informações mas assim que tivermos novidades serão anunciadas no site. ^VL",product_info_availability,product_info_availability,N,
2435658,"@AmazonHelp I’m a little frustrated. I ordered something and paid extra for Prime one-day shipping for a birthday present, and it...",@222102 I'm so sorry your item didn't arrive on time! Reach out to us here: https://t.co/hApLpMlfHN so we can look into options. ^ZW,delivery_issue,delivery_issue,N,
1615590,"@115850  refund is issued on24th Oct, it's been 10days still awaiting for refund. Such an amazing service kudos.",@495481 our support team for further assistance? [2/2]^SK,refund_return,refund_return,N,
1886010,"@115850 .. hi team, not able to add gift card to my account. Please check. https://t.co/Si3FpZ6EPh","@562535 I'm sorry for the trouble in adding the Gift Card, call us here: https://t.co/vlvfJr4nN9 &amp; we'll check this for you. ^MJ",account_technical,account_technical,N,
